{
  "negatif": {
    "precision": 0.856175972927242,
    "recall": 0.8620102214650767,
    "f1-score": 0.8590831918505942,
    "support": 587.0
  },
  "nötr": {
    "precision": 0.994232987312572,
    "recall": 0.9976851851851852,
    "f1-score": 0.9959560947429231,
    "support": 1728.0
  },
  "pozitif": {
    "precision": 0.9677168416958382,
    "recall": 0.9639674544750096,
    "f1-score": 0.9658385093167702,
    "support": 2581.0
  },
  "accuracy": 0.9636437908496732,
  "macro avg": {
    "precision": 0.9393752673118841,
    "recall": 0.9412209537084237,
    "f1-score": 0.9402925986367626,
    "support": 4896.0
  },
  "weighted avg": {
    "precision": 0.9637024237339408,
    "recall": 0.9636437908496732,
    "f1-score": 0.9636689456451498,
    "support": 4896.0
  }
}