{
  "kultursanat": {
    "precision": 0.9435483870967742,
    "recall": 0.9140625,
    "f1-score": 0.9285714285714286,
    "support": 128.0
  },
  "ekonomi": {
    "precision": 0.9051094890510949,
    "recall": 0.9051094890510949,
    "f1-score": 0.9051094890510949,
    "support": 137.0
  },
  "siyaset": {
    "precision": 0.8842975206611571,
    "recall": 0.8359375,
    "f1-score": 0.8594377510040161,
    "support": 128.0
  },
  "egitim": {
    "precision": 0.9461077844311377,
    "recall": 0.9937106918238994,
    "f1-score": 0.9693251533742331,
    "support": 159.0
  },
  "dunya": {
    "precision": 0.9849624060150376,
    "recall": 0.9776119402985075,
    "f1-score": 0.9812734082397003,
    "support": 134.0
  },
  "spor": {
    "precision": 0.9930555555555556,
    "recall": 0.9862068965517241,
    "f1-score": 0.9896193771626297,
    "support": 145.0
  },
  "teknoloji": {
    "precision": 0.9025974025974026,
    "recall": 0.9328859060402684,
    "f1-score": 0.9174917491749175,
    "support": 149.0
  },
  "accuracy": 0.9377551020408164,
  "macro avg": {
    "precision": 0.9370969350583085,
    "recall": 0.9350749891093565,
    "f1-score": 0.9358326223682887,
    "support": 980.0
  },
  "weighted avg": {
    "precision": 0.9376126988430099,
    "recall": 0.9377551020408164,
    "f1-score": 0.937428154481555,
    "support": 980.0
  }
}